SKU,Availability
AMP03-107-3,Available
870000329,Out of stock
101000976,Available
870000328,Out of stock
870000326,Out of stock
101000977,Out of stock
101000406,Out of stock
870000333,Out of stock
101003229,Out of stock
101003230,Out of stock
160911410,Out of stock
160911420,Out of stock
101000328,Available
101000330,Out of stock
101000331,Out of stock
101000332,Out of stock
101000333,Out of stock
101001144,Out of stock
101000334,Out of stock
101000322,Available
101000323,Available
101002622,Available
101002623,Out of stock
101002508,Out of stock
101002509,Out of stock
160914260,Out of stock
160914300,Out of stock
101001438,Out of stock
140921400,Out of stock
140921500,Out of stock
140921600,Out of stock
101000555,Out of stock
150852241,Available
150852271,Available
150852301,Available
150852331,Available
150852361,Available
101001348,Available
101001349,Available
101001350,Out of stock
101001351,Out of stock
150851300,Available
150851330,Available
150850360,Out of stock
150850390,Available
140920113,Available
101003234,Out of stock
101003235,Out of stock
140917390,Out of stock
140917420,Out of stock
101001414,Out of stock
101001415,Out of stock
101003164,Out of stock
101003165,Out of stock
101003166,Out of stock
110393010,Available
110393040,Available
101002503,Available
101002504,Out of stock
101002505,Available
101002506,Available
110381140,Available
110391186,Available
110391213,Available
101003135,Available
101003136,Available
101003137,Available
101003138,Available
101000316,Out of stock
101003152,Available
101003153,Available
101003154,Available
101003128,Available
101003129,Out of stock
101003130,Out of stock
101003131,Out of stock
101003132,Out of stock
101003133,Out of stock
101003134,Available
110386240,Available
110386260,Available
110386300,Available
101003140,Out of stock
101003141,Available
101003142,Available
101003143,Available
101002527,Out of stock
101002528,Available
101002529,Available
101002497,Out of stock
101002498,Out of stock
101002499,Out of stock
101002500,Available
101000314,Out of stock
101002622,Available
101002623,Out of stock
101001321,Available
110379245,Available
110384010,Available
110374080,Available
110374085,Available
101000317,Out of stock
101000318,Out of stock
101000319,Out of stock
110384050,Available
101003216,Available
101003220,Available
101003226,Available
101003227,Out of stock
101001494,Available
101001495,Out of stock
110378210,Out of stock
110378230,Out of stock
110378255,Out of stock
110377225,Available
101004351,Available
101004352,Available
101004353,Available
101002510,Out of stock
101003107,Available
101001270,Out of stock
101001271,Out of stock
101001272,Out of stock
101001267,Out of stock
101001268,Out of stock
101001269,Available
101000277,Available
101004502,Out of stock
101004503,Available
101004504,Available
101002930,Available
101003123,Available
101003122,Available
130383410,Available
121208360,Available
121213390,Available
101001404,Out of stock
101001405,Out of stock
101001275,Available
101001276,Available
101002627,Out of stock
101000287,Out of stock
101000288,Out of stock
121215360,Available
130385010,Out of stock
130385030,Out of stock
101000290,Out of stock
130383426,Out of stock
130383410,Available
101001284,Out of stock
101001285,Out of stock
101001297,Available
101001298,Available
101001299,Out of stock
101001300,Out of stock
101002513,Out of stock
130388360,Available
130388361,Out of stock
101000300,Available
101000301,Available
101000302,Available
